orig,cvac,bntc
AUG,AUG,AUG
UUU,UUC,UUC
GUU,GUG,GUG
UUU,UUC,UUC
CUU,CUG,CUG
GUU,GUC,GUG
UUA,CUC,CUG
UUG,CUG,CUG
CCA,CCC,CCU
CUA,CUG,CUG
GUC,GUG,GUG
UCU,AGC,UCC
AGU,UCC,AGC
CAG,CAG,CAG
UGU,UGC,UGU
GUU,GUG,GUG
AAU,AAC,AAC
CUU,CUC,CUG
ACA,ACC,ACC
ACC,ACC,ACC
AGA,CGC,AGA
ACU,ACG,ACA
CAA,CAG,CAG
UUA,CUG,CUG
CCC,CCG,CCU
CCU,CCC,CCA
GCA,GCC,GCC
UAC,UAC,UAC
ACU,ACC,ACC
AAU,AAC,AAC
UCU,AGC,AGC
UUC,UUC,UUU
ACA,ACC,ACC
CGU,CGG,AGA
GGU,GGC,GGC
GUU,GUC,GUG
UAU,UAC,UAC
UAC,UAC,UAC
CCU,CCC,CCC
GAC,GAC,GAC
AAA,AAG,AAG
GUU,GUG,GUG
UUC,UUC,UUC
AGA,CGC,AGA
UCC,UCC,UCC
UCA,AGC,AGC
GUU,GUG,GUG
UUA,CUG,CUG
CAU,CAC,CAC
UCA,UCC,UCU
ACU,ACC,ACC
CAG,CAG,CAG
GAC,GAC,GAC
UUG,CUC,CUG
UUC,UUC,UUC
UUA,CUG,CUG
CCU,CCC,CCU
UUC,UUC,UUC
UUU,UUC,UUC
UCC,AGC,AGC
AAU,AAC,AAC
GUU,GUC,GUG
ACU,ACG,ACC
UGG,UGG,UGG
UUC,UUC,UUC
CAU,CAC,CAC
GCU,GCC,GCC
AUA,AUC,AUC
CAU,CAC,CAC
GUC,GUG,GUG
UCU,UCC,UCC
GGG,GGG,GGC
ACC,ACC,ACC
AAU,AAC,AAU
GGU,GGC,GGC
ACU,ACC,ACC
AAG,AAG,AAG
AGG,CGG,AGA
UUU,UUC,UUC
GAU,GAC,GAC
AAC,AAC,AAC
CCU,CCG,CCC
GUC,GUG,GUG
CUA,CUG,CUG
CCA,CCC,CCC
UUU,UUC,UUC
AAU,AAC,AAC
GAU,GAC,GAC
GGU,GGG,GGG
GUU,GUC,GUG
UAU,UAC,UAC
UUU,UUC,UUU
GCU,GCG,GCC
UCC,AGC,AGC
ACU,ACC,ACC
GAG,GAG,GAG
AAG,AAG,AAG
UCU,UCC,UCC
AAC,AAC,AAC
AUA,AUC,AUC
AUA,AUC,AUC
AGA,CGC,AGA
GGC,GGC,GGC
UGG,UGG,UGG
AUU,AUC,AUC
UUU,UUC,UUC
GGU,GGG,GGC
ACU,ACG,ACC
ACU,ACC,ACA
UUA,CUC,CUG
GAU,GAC,GAC
UCG,AGC,AGC
AAG,AAG,AAG
ACC,ACC,ACC
CAG,CAG,CAG
UCC,UCC,AGC
CUA,CUG,CUG
CUU,CUG,CUG
AUU,AUC,AUC
GUU,GUG,GUG
AAU,AAC,AAC
AAC,AAC,AAC
GCU,GCC,GCC
ACU,ACC,ACC
AAU,AAC,AAC
GUU,GUG,GUG
GUU,GUC,GUC
AUU,AUC,AUC
AAA,AAG,AAA
GUC,GUG,GUG
UGU,UGC,UGC
GAA,GAG,GAG
UUU,UUC,UUC
CAA,CAG,CAG
UUU,UUC,UUC
UGU,UGC,UGC
AAU,AAC,AAC
GAU,GAC,GAC
CCA,CCC,CCC
UUU,UUC,UUC
UUG,CUC,CUG
GGU,GGC,GGC
GUU,GUG,GUC
UAU,UAC,UAC
UAC,UAC,UAC
CAC,CAC,CAC
AAA,AAG,AAG
AAC,AAC,AAC
AAC,AAC,AAC
AAA,AAG,AAG
AGU,AGC,AGC
UGG,UGG,UGG
AUG,AUG,AUG
GAA,GAG,GAA
AGU,UCC,AGC
GAG,GAG,GAG
UUC,UUC,UUC
AGA,CGG,CGG
GUU,GUC,GUG
UAU,UAC,UAC
UCU,AGC,AGC
AGU,UCC,AGC
GCG,GCC,GCC
AAU,AAC,AAC
AAU,AAC,AAC
UGC,UGC,UGC
ACU,ACG,ACC
UUU,UUC,UUC
GAA,GAG,GAG
UAU,UAC,UAC
GUC,GUG,GUG
UCU,AGC,UCC
CAG,CAG,CAG
CCU,CCC,CCU
UUU,UUC,UUC
CUU,CUG,CUG
AUG,AUG,AUG
GAC,GAC,GAC
CUU,CUG,CUG
GAA,GAG,GAA
GGA,GGC,GGC
AAA,AAG,AAG
CAG,CAG,CAG
GGU,GGG,GGC
AAU,AAC,AAC
UUC,UUC,UUC
AAA,AAG,AAG
AAU,AAC,AAC
CUU,CUC,CUG
AGG,CGC,CGC
GAA,GAG,GAG
UUU,UUC,UUC
GUG,GUG,GUG
UUU,UUC,UUU
AAG,AAG,AAG
AAU,AAC,AAC
AUU,AUC,AUC
GAU,GAC,GAC
GGU,GGC,GGC
UAU,UAC,UAC
UUU,UUC,UUC
AAA,AAG,AAG
AUA,AUC,AUC
UAU,UAC,UAC
UCU,UCC,AGC
AAG,AAG,AAG
CAC,CAC,CAC
ACG,ACC,ACC
CCU,CCG,CCU
AUU,AUC,AUC
AAU,AAC,AAC
UUA,CUG,CUC
GUG,GUC,GUG
CGU,CGG,CGG
GAU,GAC,GAU
CUC,CUG,CUG
CCU,CCC,CCU
CAG,CAG,CAG
GGU,GGG,GGC
UUU,UUC,UUC
UCG,AGC,UCU
GCU,GCC,GCU
UUA,CUC,CUG
GAA,GAG,GAA
CCA,CCC,CCC
UUG,CUG,CUG
GUA,GUG,GUG
GAU,GAC,GAU
UUG,CUG,CUG
CCA,CCC,CCC
AUA,AUC,AUC
GGU,GGC,GGC
AUU,AUC,AUC
AAC,AAC,AAC
AUC,AUC,AUC
ACU,ACC,ACC
AGG,CGC,CGG
UUU,UUC,UUU
CAA,CAG,CAG
ACU,ACC,ACA
UUA,CUC,CUG
CUU,CUG,CUG
GCU,GCC,GCC
UUA,CUG,CUG
CAU,CAC,CAC
AGA,CGG,AGA
AGU,UCC,AGC
UAU,UAC,UAC
UUG,CUC,CUG
ACU,ACG,ACA
CCU,CCG,CCU
GGU,GGG,GGC
GAU,GAC,GAU
UCU,AGC,AGC
UCU,AGC,AGC
UCA,UCC,AGC
GGU,GGC,GGA
UGG,UGG,UGG
ACA,ACC,ACA
GCU,GCG,GCU
GGU,GGC,GGU
GCU,GCC,GCC
GCA,GCC,GCC
GCU,GCC,GCU
UAU,UAC,UAC
UAU,UAC,UAU
GUG,GUG,GUG
GGU,GGG,GGC
UAU,UAC,UAC
CUU,CUG,CUG
CAA,CAG,CAG
CCU,CCC,CCU
AGG,CGC,AGA
ACU,ACC,ACC
UUU,UUC,UUC
CUA,CUG,CUG
UUA,CUC,CUG
AAA,AAG,AAG
UAU,UAC,UAC
AAU,AAC,AAC
GAA,GAG,GAG
AAU,AAC,AAC
GGA,GGC,GGC
ACC,ACC,ACC
AUU,AUC,AUC
ACA,ACG,ACC
GAU,GAC,GAC
GCU,GCG,GCC
GUA,GUC,GUG
GAC,GAC,GAU
UGU,UGC,UGU
GCA,GCC,GCU
CUU,CUG,CUG
GAC,GAC,GAU
CCU,CCC,CCU
CUC,CUG,CUG
UCA,AGC,AGC
GAA,GAG,GAG
ACA,ACC,ACA
AAG,AAG,AAG
UGU,UGC,UGC
ACG,ACC,ACC
UUG,CUC,CUG
AAA,AAG,AAG
UCC,UCC,UCC
UUC,UUC,UUC
ACU,ACC,ACC
GUA,GUG,GUG
GAA,GAG,GAA
AAA,AAG,AAG
GGA,GGG,GGC
AUC,AUC,AUC
UAU,UAC,UAC
CAA,CAG,CAG
ACU,ACG,ACC
UCU,AGC,AGC
AAC,AAC,AAC
UUU,UUC,UUC
AGA,CGG,CGG
GUC,GUG,GUG
CAA,CAG,CAG
CCA,CCC,CCC
ACA,ACC,ACC
GAA,GAG,GAA
UCU,UCC,UCC
AUU,AUC,AUC
GUU,GUC,GUG
AGA,CGC,CGG
UUU,UUC,UUC
CCU,CCG,CCC
AAU,AAC,AAU
AUU,AUC,AUC
ACA,ACC,ACC
AAC,AAC,AAU
UUG,CUG,CUG
UGC,UGC,UGC
CCU,CCC,CCC
UUU,UUC,UUC
GGU,GGC,GGC
GAA,GAG,GAG
GUU,GUG,GUG
UUU,UUC,UUC
AAC,AAC,AAU
GCC,GCC,GCC
ACC,ACC,ACC
AGA,CGG,AGA
UUU,UUC,UUC
GCA,GCC,GCC
UCU,AGC,UCU
GUU,GUC,GUG
UAU,UAC,UAC
GCU,GCC,GCC
UGG,UGG,UGG
AAC,AAC,AAC
AGG,CGC,CGG
AAG,AAG,AAG
AGA,CGG,CGG
AUC,AUC,AUC
AGC,UCC,AGC
AAC,AAC,AAU
UGU,UGC,UGC
GUU,GUG,GUG
GCU,GCG,GCC
GAU,GAC,GAC
UAU,UAC,UAC
UCU,AGC,UCC
GUC,GUG,GUG
CUA,CUG,CUG
UAU,UAC,UAC
AAU,AAC,AAC
UCC,UCC,UCC
GCA,GCC,GCC
UCA,AGC,AGC
UUU,UUC,UUC
UCC,UCC,AGC
ACU,ACG,ACC
UUU,UUC,UUC
AAG,AAG,AAG
UGU,UGC,UGC
UAU,UAC,UAC
GGA,GGC,GGC
GUG,GUC,GUG
UCU,AGC,UCC
CCU,CCC,CCU
ACU,ACC,ACC
AAA,AAG,AAG
UUA,CUC,CUG
AAU,AAC,AAC
GAU,GAC,GAC
CUC,CUG,CUG
UGC,UGC,UGC
UUU,UUC,UUC
ACU,ACC,ACA
AAU,AAC,AAC
GUC,GUG,GUG
UAU,UAC,UAC
GCA,GCC,GCC
GAU,GAC,GAC
UCA,UCC,AGC
UUU,UUC,UUC
GUA,GUG,GUG
AUU,AUC,AUC
AGA,CGC,CGG
GGU,GGG,GGA
GAU,GAC,GAU
GAA,GAG,GAA
GUC,GUC,GUG
AGA,CGG,CGG
CAA,CAG,CAG
AUC,AUC,AUU
GCU,GCC,GCC
CCA,CCC,CCU
GGG,GGC,GGA
CAA,CAG,CAG
ACU,ACC,ACA
GGA,GGG,GGC
AAG,AAG,AAG
AUU,AUC,AUC
GCU,GCC,GCC
GAU,GAC,GAC
UAU,UAC,UAC
AAU,AAC,AAC
UAU,UAC,UAC
AAA,AAG,AAG
UUA,CUG,CUG
CCA,CCG,CCC
GAU,GAC,GAC
GAU,GAC,GAC
UUU,UUC,UUC
ACA,ACG,ACC
GGC,GGC,GGC
UGC,UGC,UGU
GUU,GUG,GUG
AUA,AUC,AUU
GCU,GCG,GCC
UGG,UGG,UGG
AAU,AAC,AAC
UCU,AGC,AGC
AAC,AAC,AAC
AAU,AAC,AAC
CUU,CUC,CUG
GAU,GAC,GAC
UCU,UCC,UCC
AAG,AAG,AAA
GUU,GUC,GUC
GGU,GGG,GGC
GGU,GGC,GGC
AAU,AAC,AAC
UAU,UAC,UAC
AAU,AAC,AAU
UAC,UAC,UAC
CUG,CUG,CUG
UAU,UAC,UAC
AGA,CGC,CGG
UUG,CUG,CUG
UUU,UUC,UUC
AGG,CGC,CGG
AAG,AAG,AAG
UCU,AGC,UCC
AAU,AAC,AAU
CUC,CUC,CUG
AAA,AAG,AAG
CCU,CCC,CCC
UUU,UUC,UUC
GAG,GAG,GAG
AGA,CGG,CGG
GAU,GAC,GAC
AUU,AUC,AUC
UCA,UCC,UCC
ACU,ACC,ACC
GAA,GAG,GAG
AUC,AUC,AUC
UAU,UAC,UAU
CAG,CAG,CAG
GCC,GCC,GCC
GGU,GGC,GGC
AGC,AGC,AGC
ACA,ACC,ACC
CCU,CCC,CCU
UGU,UGC,UGU
AAU,AAC,AAC
GGU,GGG,GGC
GUU,GUG,GUG
GAA,GAG,GAA
GGU,GGC,GGC
UUU,UUC,UUC
AAU,AAC,AAC
UGU,UGC,UGC
UAC,UAC,UAC
UUU,UUC,UUC
CCU,CCC,CCA
UUA,CUG,CUG
CAA,CAG,CAG
UCA,UCC,UCC
UAU,UAC,UAC
GGU,GGG,GGC
UUC,UUC,UUU
CAA,CAG,CAG
CCC,CCG,CCC
ACU,ACC,ACA
AAU,AAC,AAU
GGU,GGC,GGC
GUU,GUG,GUG
GGU,GGG,GGC
UAC,UAC,UAU
CAA,CAG,CAG
CCA,CCC,CCC
UAC,UAC,UAC
AGA,CGG,AGA
GUA,GUG,GUG
GUA,GUC,GUG
GUA,GUG,GUG
CUU,CUG,CUG
UCU,AGC,AGC
UUU,UUC,UUC
GAA,GAG,GAA
CUU,CUC,CUG
CUA,CUG,CUG
CAU,CAC,CAU
GCA,GCC,GCC
CCA,CCC,CCU
GCA,GCC,GCC
ACU,ACG,ACA
GUU,GUG,GUG
UGU,UGC,UGC
GGA,GGC,GGC
CCU,CCC,CCU
AAA,AAG,AAG
AAG,AAG,AAA
UCU,UCC,AGC
ACU,ACC,ACC
AAU,AAC,AAU
UUG,CUG,CUC
GUU,GUC,GUG
AAA,AAG,AAG
AAC,AAC,AAC
AAA,AAG,AAA
UGU,UGC,UGC
GUC,GUG,GUG
AAU,AAC,AAC
UUC,UUC,UUC
AAC,AAC,AAC
UUC,UUC,UUC
AAU,AAC,AAC
GGU,GGC,GGC
UUA,CUC,CUG
ACA,ACC,ACC
GGC,GGG,GGC
ACA,ACC,ACC
GGU,GGC,GGC
GUU,GUG,GUG
CUU,CUG,CUG
ACU,ACC,ACA
GAG,GAG,GAG
UCU,AGC,AGC
AAC,AAC,AAC
AAA,AAG,AAG
AAG,AAG,AAG
UUU,UUC,UUC
CUG,CUG,CUG
CCU,CCG,CCA
UUC,UUC,UUC
CAA,CAG,CAG
CAA,CAG,CAG
UUU,UUC,UUU
GGC,GGG,GGC
AGA,CGC,CGG
GAC,GAC,GAU
AUU,AUC,AUC
GCU,GCC,GCC
GAC,GAC,GAU
ACU,ACG,ACC
ACU,ACC,ACA
GAU,GAC,GAC
GCU,GCG,GCC
GUC,GUC,GUU
CGU,CGC,AGA
GAU,GAC,GAU
CCA,CCC,CCC
CAG,CAG,CAG
ACA,ACC,ACA
CUU,CUG,CUG
GAG,GAG,GAA
AUU,AUC,AUC
CUU,CUC,CUG
GAC,GAC,GAC
AUU,AUC,AUC
ACA,ACC,ACC
CCA,CCC,CCU
UGU,UGC,UGC
UCU,AGC,AGC
UUU,UUC,UUC
GGU,GGC,GGC
GGU,GGG,GGA
GUC,GUG,GUG
AGU,UCC,UCU
GUU,GUG,GUG
AUA,AUC,AUC
ACA,ACG,ACC
CCA,CCG,CCU
GGA,GGC,GGC
ACA,ACC,ACC
AAU,AAC,AAC
ACU,ACC,ACC
UCU,AGC,AGC
AAC,AAC,AAU
CAG,CAG,CAG
GUU,GUC,GUG
GCU,GCC,GCA
GUU,GUG,GUG
CUU,CUG,CUG
UAU,UAC,UAC
CAG,CAG,CAG
GAU,GAC,GAC
GUU,GUG,GUG
AAC,AAC,AAC
UGC,UGC,UGU
ACA,ACC,ACC
GAA,GAG,GAA
GUC,GUC,GUG
CCU,CCC,CCC
GUU,GUG,GUG
GCU,GCC,GCC
AUU,AUC,AUU
CAU,CAC,CAC
GCA,GCC,GCC
GAU,GAC,GAU
CAA,CAG,CAG
CUU,CUG,CUG
ACU,ACG,ACA
CCU,CCC,CCU
ACU,ACC,ACA
UGG,UGG,UGG
CGU,CGG,CGG
GUU,GUG,GUG
UAU,UAC,UAC
UCU,UCC,UCC
ACA,ACC,ACC
GGU,GGC,GGC
UCU,AGC,AGC
AAU,AAC,AAU
GUU,GUC,GUG
UUU,UUC,UUU
CAA,CAG,CAG
ACA,ACC,ACC
CGU,CGC,AGA
GCA,GCC,GCC
GGC,GGG,GGC
UGU,UGC,UGU
UUA,CUC,CUG
AUA,AUC,AUC
GGG,GGC,GGA
GCU,GCG,GCC
GAA,GAG,GAG
CAU,CAC,CAC
GUC,GUG,GUG
AAC,AAC,AAC
AAC,AAC,AAU
UCA,UCC,AGC
UAU,UAC,UAC
GAG,GAG,GAG
UGU,UGC,UGC
GAC,GAC,GAC
AUA,AUC,AUC
CCC,CCC,CCC
AUU,AUC,AUC
GGU,GGG,GGC
GCA,GCC,GCU
GGU,GGC,GGA
AUA,AUC,AUC
UGC,UGC,UGC
GCU,GCC,GCC
AGU,AGC,AGC
UAU,UAC,UAC
CAG,CAG,CAG
ACU,ACG,ACA
CAG,CAG,CAG
ACU,ACC,ACA
AAU,AAC,AAC
UCU,UCC,AGC
CCU,CCG,CCU
CGG,CGG,CGG
CGG,CGC,AGA
GCA,GCC,GCC
CGU,CGG,AGA
AGU,AGC,AGC
GUA,GUG,GUG
GCU,GCG,GCC
AGU,UCC,AGC
CAA,CAG,CAG
UCC,AGC,AGC
AUC,AUC,AUC
AUU,AUC,AUU
GCC,GCC,GCC
UAC,UAC,UAC
ACU,ACC,ACA
AUG,AUG,AUG
UCA,UCC,UCU
CUU,CUG,CUG
GGU,GGC,GGC
GCA,GCC,GCC
GAA,GAG,GAG
AAU,AAC,AAC
UCA,AGC,AGC
GUU,GUC,GUG
GCU,GCC,GCC
UAC,UAC,UAC
UCU,UCC,UCC
AAU,AAC,AAC
AAC,AAC,AAC
UCU,AGC,UCU
AUU,AUC,AUC
GCC,GCC,GCU
AUA,AUC,AUC
CCC,CCC,CCC
ACA,ACC,ACC
AAU,AAC,AAC
UUU,UUC,UUC
ACU,ACG,ACC
AUU,AUC,AUC
AGU,UCC,AGC
GUU,GUG,GUG
ACC,ACC,ACC
ACA,ACC,ACA
GAA,GAG,GAG
AUU,AUC,AUC
CUA,CUG,CUG
CCA,CCC,CCU
GUG,GUG,GUG
UCU,AGC,UCC
AUG,AUG,AUG
ACC,ACC,ACC
AAG,AAG,AAG
ACA,ACG,ACC
UCA,AGC,AGC
GUA,GUC,GUG
GAU,GAC,GAC
UGU,UGC,UGC
ACA,ACC,ACC
AUG,AUG,AUG
UAC,UAC,UAC
AUU,AUC,AUC
UGU,UGC,UGC
GGU,GGG,GGC
GAU,GAC,GAU
UCA,UCC,UCC
ACU,ACC,ACC
GAA,GAG,GAG
UGC,UGC,UGC
AGC,AGC,UCC
AAU,AAC,AAC
CUU,CUC,CUG
UUG,CUG,CUG
UUG,CUG,CUG
CAA,CAG,CAG
UAU,UAC,UAC
GGC,GGC,GGC
AGU,UCC,AGC
UUU,UUC,UUC
UGU,UGC,UGC
ACA,ACC,ACC
CAA,CAG,CAG
UUA,CUC,CUG
AAC,AAC,AAU
CGU,CGC,AGA
GCU,GCG,GCC
UUA,CUG,CUG
ACU,ACG,ACA
GGA,GGG,GGG
AUA,AUC,AUC
GCU,GCC,GCC
GUU,GUG,GUG
GAA,GAG,GAA
CAA,CAG,CAG
GAC,GAC,GAC
AAA,AAG,AAG
AAC,AAC,AAC
ACC,ACC,ACC
CAA,CAG,CAA
GAA,GAG,GAG
GUU,GUG,GUG
UUU,UUC,UUC
GCA,GCC,GCC
CAA,CAG,CAA
GUC,GUC,GUG
AAA,AAG,AAG
CAA,CAG,CAG
AUU,AUC,AUC
UAC,UAC,UAC
AAA,AAG,AAG
ACA,ACG,ACC
CCA,CCC,CCU
CCA,CCG,CCU
AUU,AUC,AUC
AAA,AAG,AAG
GAU,GAC,GAC
UUU,UUC,UUC
GGU,GGC,GGC
GGU,GGG,GGC
UUU,UUC,UUC
AAU,AAC,AAU
UUU,UUC,UUC
UCA,AGC,AGC
CAA,CAG,CAG
AUA,AUC,AUU
UUA,CUG,CUG
CCA,CCC,CCC
GAU,GAC,GAU
CCA,CCC,CCU
UCA,UCC,AGC
AAA,AAG,AAG
CCA,CCC,CCC
AGC,AGC,AGC
AAG,AAG,AAG
AGG,CGG,CGG
UCA,UCC,AGC
UUU,UUC,UUC
AUU,AUC,AUC
GAA,GAG,GAG
GAU,GAC,GAC
CUA,CUC,CUG
CUU,CUG,CUG
UUC,UUC,UUC
AAC,AAC,AAC
AAA,AAG,AAA
GUG,GUG,GUG
ACA,ACC,ACA
CUU,CUG,CUG
GCA,GCC,GCC
GAU,GAC,GAC
GCU,GCC,GCC
GGC,GGC,GGC
UUC,UUC,UUC
AUC,AUC,AUC
AAA,AAG,AAG
CAA,CAG,CAG
UAU,UAC,UAU
GGU,GGC,GGC
GAU,GAC,GAU
UGC,UGC,UGU
CUU,CUC,CUG
GGU,GGG,GGC
GAU,GAC,GAC
AUU,AUC,AUU
GCU,GCG,GCC
GCU,GCC,GCC
AGA,CGC,AGG
GAC,GAC,GAU
CUC,CUG,CUG
AUU,AUC,AUU
UGU,UGC,UGC
GCA,GCC,GCC
CAA,CAG,CAG
AAG,AAG,AAG
UUU,UUC,UUU
AAC,AAC,AAC
GGC,GGC,GGA
CUU,CUG,CUG
ACU,ACC,ACA
GUU,GUG,GUG
UUG,CUC,CUG
CCA,CCG,CCU
CCU,CCC,CCU
UUG,CUG,CUG
CUC,CUG,CUG
ACA,ACC,ACC
GAU,GAC,GAU
GAA,GAG,GAG
AUG,AUG,AUG
AUU,AUC,AUC
GCU,GCC,GCC
CAA,CAG,CAG
UAC,UAC,UAC
ACU,ACC,ACA
UCU,AGC,UCU
GCA,GCC,GCC
CUG,CUC,CUG
UUA,CUG,CUG
GCG,GCG,GCC
GGU,GGG,GGC
ACA,ACC,ACA
AUC,AUC,AUC
ACU,ACG,ACA
UCU,UCC,AGC
GGU,GGC,GGC
UGG,UGG,UGG
ACC,ACC,ACA
UUU,UUC,UUU
GGU,GGG,GGA
GCA,GCC,GCA
GGU,GGC,GGC
GCU,GCC,GCC
GCA,GCC,GCU
UUA,CUG,CUG
CAA,CAG,CAG
AUA,AUC,AUC
CCA,CCC,CCC
UUU,UUC,UUU
GCU,GCG,GCU
AUG,AUG,AUG
CAA,CAG,CAG
AUG,AUG,AUG
GCU,GCC,GCC
UAU,UAC,UAC
AGG,CGG,CGG
UUU,UUC,UUC
AAU,AAC,AAC
GGU,GGC,GGC
AUU,AUC,AUC
GGA,GGG,GGA
GUU,GUC,GUG
ACA,ACC,ACC
CAG,CAG,CAG
AAU,AAC,AAU
GUU,GUG,GUG
CUC,CUC,CUG
UAU,UAC,UAC
GAG,GAG,GAG
AAC,AAC,AAC
CAA,CAG,CAG
AAA,AAG,AAG
UUG,CUG,CUG
AUU,AUC,AUC
GCC,GCC,GCC
AAC,AAC,AAC
CAA,CAG,CAG
UUU,UUC,UUC
AAU,AAC,AAC
AGU,AGC,AGC
GCU,GCC,GCC
AUU,AUC,AUC
GGC,GGC,GGC
AAA,AAG,AAG
AUU,AUC,AUC
CAA,CAG,CAG
GAC,GAC,GAC
UCA,UCC,AGC
CUU,CUG,CUG
UCU,AGC,AGC
UCC,UCC,AGC
ACA,ACC,ACA
GCA,GCC,GCA
AGU,AGC,AGC
GCA,GCG,GCC
CUU,CUC,CUG
GGA,GGG,GGA
AAA,AAG,AAG
CUU,CUG,CUG
CAA,CAG,CAG
GAU,GAC,GAC
GUG,GUG,GUG
GUC,GUC,GUC
AAC,AAC,AAC
CAA,CAG,CAG
AAU,AAC,AAU
GCA,GCC,GCC
CAA,CAG,CAG
GCU,GCC,GCA
UUA,CUG,CUG
AAC,AAC,AAC
ACG,ACG,ACC
CUU,CUC,CUG
GUU,GUG,GUC
AAA,AAG,AAG
CAA,CAG,CAG
CUU,CUG,CUG
AGC,UCC,UCC
UCC,AGC,UCC
AAU,AAC,AAC
UUU,UUC,UUC
GGU,GGC,GGC
GCA,GCC,GCC
AUU,AUC,AUC
UCA,UCC,AGC
AGU,AGC,UCU
GUU,GUG,GUG
UUA,CUG,CUG
AAU,AAC,AAC
GAU,GAC,GAU
AUC,AUC,AUC
CUU,CUC,CUG
UCA,UCC,AGC
CGU,CGC,AGA
CUU,CUG,CUG
GAC,GAC,GAC
AAA,CCG,CCU
GUU,CCC,CCU
GAG,GAG,GAG
GCU,GCC,GCC
GAA,GAG,GAG
GUG,GUG,GUG
CAA,CAG,CAG
AUU,AUC,AUC
GAU,GAC,GAC
AGG,CGG,AGA
UUG,CUG,CUG
AUC,AUC,AUC
ACA,ACC,ACA
GGC,GGG,GGC
AGA,CGC,AGA
CUU,CUC,CUG
CAA,CAG,CAG
AGU,AGC,AGC
UUG,CUG,CUC
CAG,CAG,CAG
ACA,ACC,ACA
UAU,UAC,UAC
GUG,GUG,GUG
ACU,ACC,ACC
CAA,CAG,CAG
CAA,CAG,CAG
UUA,CUG,CUG
AUU,AUC,AUC
AGA,CGG,AGA
GCU,GCG,GCC
GCA,GCC,GCC
GAA,GAG,GAG
AUC,AUC,AUU
AGA,CGC,AGA
GCU,GCC,GCC
UCU,AGC,UCU
GCU,GCC,GCC
AAU,AAC,AAU
CUU,CUC,CUG
GCU,GCC,GCC
GCU,GCG,GCC
ACU,ACC,ACC
AAA,AAG,AAG
AUG,AUG,AUG
UCA,UCC,UCU
GAG,GAG,GAG
UGU,UGC,UGU
GUA,GUC,GUG
CUU,CUG,CUG
GGA,GGC,GGC
CAA,CAG,CAG
UCA,AGC,AGC
AAA,AAG,AAG
AGA,CGG,AGA
GUU,GUG,GUG
GAU,GAC,GAC
UUU,UUC,UUU
UGU,UGC,UGC
GGA,GGC,GGC
AAG,AAG,AAG
GGC,GGG,GGC
UAU,UAC,UAC
CAU,CAC,CAC
CUU,CUG,CUG
AUG,AUG,AUG
UCC,UCC,AGC
UUC,UUC,UUC
CCU,CCC,CCU
CAG,CAG,CAG
UCA,AGC,UCU
GCA,GCC,GCC
CCU,CCG,CCU
CAU,CAC,CAC
GGU,GGC,GGC
GUA,GUG,GUG
GUC,GUC,GUG
UUC,UUC,UUU
UUG,CUC,CUG
CAU,CAC,CAC
GUG,GUG,GUG
ACU,ACG,ACA
UAU,UAC,UAU
GUC,GUC,GUG
CCU,CCC,CCC
GCA,GCC,GCU
CAA,CAG,CAA
GAA,GAG,GAG
AAG,AAG,AAG
AAC,AAC,AAU
UUC,UUC,UUC
ACA,ACC,ACC
ACU,ACC,ACC
GCU,GCC,GCU
CCU,CCC,CCA
GCC,GCG,GCC
AUU,AUC,AUC
UGU,UGC,UGC
CAU,CAC,CAC
GAU,GAC,GAC
GGA,GGG,GGC
AAA,AAG,AAA
GCA,GCC,GCC
CAC,CAC,CAC
UUU,UUC,UUU
CCU,CCC,CCU
CGU,CGC,AGA
GAA,GAG,GAA
GGU,GGC,GGC
GUC,GUG,GUG
UUU,UUC,UUC
GUU,GUG,GUG
UCA,UCC,UCC
AAU,AAC,AAC
GGC,GGG,GGC
ACA,ACC,ACC
CAC,CAC,CAU
UGG,UGG,UGG
UUU,UUC,UUC
GUA,GUC,GUG
ACA,ACG,ACA
CAA,CAG,CAG
AGG,CGG,CGG
AAU,AAC,AAC
UUU,UUC,UUC
UAU,UAC,UAC
GAA,GAG,GAG
CCA,CCG,CCC
CAA,CAG,CAG
AUC,AUC,AUC
AUU,AUC,AUC
ACU,ACC,ACC
ACA,ACC,ACC
GAC,GAC,GAC
AAC,AAC,AAC
ACA,ACC,ACC
UUU,UUC,UUC
GUG,GUG,GUG
UCU,AGC,UCU
GGU,GGC,GGC
AAC,AAC,AAC
UGU,UGC,UGC
GAU,GAC,GAC
GUU,GUG,GUC
GUA,GUC,GUG
AUA,AUC,AUC
GGA,GGC,GGC
AUU,AUC,AUU
GUC,GUG,GUG
AAC,AAC,AAC
AAC,AAC,AAU
ACA,ACG,ACC
GUU,GUG,GUG
UAU,UAC,UAC
GAU,GAC,GAC
CCU,CCC,CCU
UUG,CUG,CUG
CAA,CAG,CAG
CCU,CCC,CCC
GAA,GAG,GAG
UUA,CUG,CUG
GAC,GAC,GAC
UCA,UCC,AGC
UUC,UUC,UUC
AAG,AAG,AAA
GAG,GAG,GAG
GAG,GAG,GAA
UUA,CUC,CUG
GAU,GAC,GAC
AAA,AAG,AAG
UAU,UAC,UAC
UUU,UUC,UUU
AAG,AAG,AAG
AAU,AAC,AAC
CAU,CAC,CAC
ACA,ACC,ACA
UCA,AGC,AGC
CCA,CCC,CCC
GAU,GAC,GAC
GUU,GUC,GUG
GAU,GAC,GAC
UUA,CUG,CUG
GGU,GGG,GGC
GAC,GAC,GAU
AUC,AUC,AUC
UCU,UCC,AGC
GGC,GGC,GGA
AUU,AUC,AUC
AAU,AAC,AAU
GCU,GCC,GCC
UCA,AGC,AGC
GUU,GUG,GUC
GUA,GUG,GUG
AAC,AAC,AAC
AUU,AUC,AUC
CAA,CAG,CAG
AAA,AAG,AAA
GAA,GAG,GAG
AUU,AUC,AUC
GAC,GAC,GAC
CGC,CGC,CGG
CUC,CUG,CUG
AAU,AAC,AAC
GAG,GAG,GAG
GUU,GUC,GUG
GCC,GCC,GCC
AAG,AAG,AAG
AAU,AAC,AAU
UUA,CUC,CUG
AAU,AAC,AAC
GAA,GAG,GAG
UCU,UCC,AGC
CUC,CUG,CUG
AUC,AUC,AUC
GAU,GAC,GAC
CUC,CUG,CUG
CAA,CAG,CAA
GAA,GAG,GAA
CUU,CUC,CUG
GGA,GGG,GGG
AAG,AAG,AAG
UAU,UAC,UAC
GAG,GAG,GAG
CAG,CAG,CAG
UAU,UAC,UAC
AUA,AUC,AUC
AAA,AAG,AAG
UGG,UGG,UGG
CCA,CCG,CCC
UGG,UGG,UGG
UAC,UAC,UAC
AUU,AUC,AUC
UGG,UGG,UGG
CUA,CUG,CUG
GGU,GGC,GGC
UUU,UUC,UUU
AUA,AUC,AUC
GCU,GCC,GCC
GGC,GGC,GGA
UUG,CUG,CUG
AUU,AUC,AUU
GCC,GCG,GCC
AUA,AUC,AUC
GUA,GUG,GUG
AUG,AUG,AUG
GUG,GUG,GUC
ACA,ACC,ACA
AUU,AUC,AUC
AUG,AUG,AUG
CUU,CUC,CUG
UGC,UGC,UGU
UGU,UGC,UGC
AUG,AUG,AUG
ACC,ACC,ACC
AGU,AGC,AGC
UGC,UGC,UGC
UGU,UGC,UGU
AGU,UCC,AGC
UGU,UGC,UGC
CUC,CUG,CUG
AAG,AAG,AAG
GGC,GGG,GGC
UGU,UGC,UGU
UGU,UGC,UGU
UCU,AGC,AGC
UGU,UGC,UGU
GGA,GGC,GGC
UCC,UCC,AGC
UGC,UGC,UGC
UGC,UGC,UGC
AAA,AAG,AAG
UUU,UUC,UUC
GAU,GAC,GAC
GAA,GAG,GAG
GAC,GAC,GAC
GAC,GAC,GAU
UCU,AGC,UCU
GAG,GAG,GAG
CCA,CCC,CCC
GUG,GUC,GUG
CUC,CUG,CUG
AAA,AAG,AAG
GGA,GGG,GGC
GUC,GUG,GUG
AAA,AAG,AAA
UUA,CUC,CUG
CAU,CAC,CAC
UAC,UAC,UAC
ACA,ACG,ACA
UAA,UGA,UGA

